<?xml version="1.0" encoding="utf-8"?>
<resources>
    <style name="StandardButton" parent="TextAppearance.AppCompat">
        <item name="android:backgroundTint">#4433ff</item>
        <item name="android:textSize">25sp</item>
        <item name="android:layout_margin">5dp</item>
        <item name="android:layout_weight">1</item>
        <item name="android:textColor">#ffffff</item>
        <item name="android:layout_width">0dp</item>
        <item name="android:layout_height">match_parent</item>
    </style>
    <style name="FunctionalButton" parent="StandardButton">
        <item name="android:backgroundTint">#7755ee</item>
    </style>

</resources>